{"(15, 10, False)":[-0.6455331016,-0.5689564832],"(20, 10, False)":[0.3553187523,0.325347108],"(28, 10, False)":[0.0,-1.0],"(16, 10, False)":[-0.7523782185,-0.6280207492],"(24, 10, False)":[0.0,-1.0],"(6, 3, False)":[-0.2176304739,-0.0219377614],"(15, 6, False)":[-0.1062914285,-0.1568739018],"(21, 6, False)":[0.9130606748,0.8686277588],"(31, 6, False)":[0.0,-0.6708194526],"(11, 10, False)":[-0.5628642054,0.1125258295],"(12, 10, False)":[-0.5946733984,-0.4420412308],"(12, 8, False)":[-0.5377519162,-0.2956947607],"(14, 1, False)":[-0.7596099924,-0.4584903215],"(23, 1, False)":[0.0,-1.0],"(9, 7, False)":[-0.4417601588,0.2266766069],"(11, 4, False)":[-0.2196790535,0.1660838661],"(18, 4, False)":[0.1836969998,0.1610699669],"(18, 2, False)":[0.1910567891,0.0828072279],"(14, 3, False)":[-0.1166960286,-0.179175605],"(22, 3, False)":[0.0,-1.0],"(13, 2, False)":[-0.460762987,-0.264488283],"(15, 7, False)":[-0.5722855832,-0.3492459187],"(25, 7, False)":[0.0,-1.0],"(13, 7, False)":[-0.5409726443,-0.3843212953],"(11, 3, False)":[-0.2656243118,0.2660625656],"(18, 10, False)":[-0.3157058173,-0.3491871537],"(20, 5, False)":[0.7119463995,0.6088162525],"(10, 2, False)":[-0.361727923,0.2370942747],"(20, 6, False)":[0.7843367133,0.6852509348],"(21, 3, True)":[0.9117158528,0.8570157127],"(22, 2, False)":[0.0,-1.0],"(6, 9, False)":[-0.3838372674,-0.120329033],"(12, 9, False)":[-0.5761404507,-0.3792138851],"(22, 9, False)":[0.0,-1.0],"(16, 8, False)":[-0.6229606327,-0.6916466395],"(26, 8, False)":[0.0,-1.0],"(12, 4, False)":[-0.3000782265,-0.2615937405],"(17, 4, False)":[0.1352117092,0.0205707353],"(26, 4, False)":[0.0,-0.9999999998],"(11, 9, False)":[-0.6000162313,0.1734044686],"(19, 10, False)":[0.0386511516,-0.0251361012],"(23, 10, False)":[0.0,-1.0],"(18, 9, False)":[-0.1234169829,-0.1921143995],"(25, 10, False)":[0.0,-1.0],"(19, 2, False)":[0.5102552952,0.3837933602],"(24, 2, False)":[0.0,-1.0],"(10, 5, False)":[-0.1293905805,0.2081386132],"(21, 5, True)":[0.8666309194,0.8107443829],"(17, 5, False)":[-0.046917771,-0.1746405179],"(18, 10, True)":[-0.5059472875,-0.2685133052],"(8, 4, False)":[-0.1886342243,-0.0355622352],"(13, 10, False)":[-0.71118782,-0.4742559274],"(10, 10, False)":[-0.6314457184,-0.2390745064],"(11, 1, False)":[-0.7241266926,-0.3333452752],"(10, 3, False)":[-0.3312521319,0.0415444692],"(20, 3, False)":[0.618226584,0.5936810469],"(30, 3, False)":[0.0,-0.9971452903],"(13, 9, False)":[-0.5239435285,-0.3274726025],"(23, 9, False)":[0.0,-1.0],"(16, 7, False)":[-0.6242926903,-0.5191340477],"(23, 7, False)":[0.0,-1.0],"(27, 10, False)":[0.0,-1.0],"(16, 3, False)":[-0.3748129303,-0.353348883],"(17, 3, False)":[-0.1159123319,-0.3425581119],"(24, 3, False)":[0.0,-1.0],"(15, 3, False)":[-0.1631889134,-0.435066751],"(21, 10, True)":[0.9150499036,0.7894099657],"(26, 10, False)":[0.0,-1.0],"(20, 2, False)":[0.5082121888,0.5141361398],"(9, 5, False)":[-0.0743887827,0.1194622748],"(19, 5, False)":[0.5141843932,0.4230084894],"(18, 5, False)":[0.1452349648,0.0612440244],"(23, 5, False)":[0.0,-1.0],"(25, 6, False)":[0.0,-1.0],"(20, 1, False)":[0.0449985353,0.0260706382],"(13, 4, False)":[-0.2716094078,-0.1507976805],"(23, 4, False)":[0.0,-1.0],"(10, 4, False)":[-0.3531615592,0.0573012521],"(25, 4, False)":[0.0,-1.0],"(7, 7, False)":[-0.5576654658,-0.0023030848],"(18, 7, True)":[0.5067299538,0.4793887454],"(5, 7, False)":[-0.3602395252,0.0],"(12, 7, False)":[-0.5239776596,-0.3643795886],"(14, 10, True)":[-0.5440872892,-0.1928048003],"(17, 6, False)":[-0.0959649721,-0.1328386731],"(20, 10, True)":[0.5829176862,0.5000575671],"(24, 1, False)":[0.0,-1.0],"(16, 10, True)":[-0.5555146157,-0.3435579981],"(20, 8, False)":[0.8144432749,0.7391990844],"(14, 10, False)":[-0.7365718548,-0.5679305003],"(9, 1, False)":[-0.6818959891,-0.3953784225],"(15, 8, True)":[-0.4359949055,-0.1411259207],"(7, 3, False)":[-0.2298553815,-0.1035989533],"(17, 10, False)":[-0.5276759484,-0.5327881689],"(22, 10, False)":[0.0,-1.0],"(13, 3, False)":[-0.3843186303,-0.4167672804],"(23, 3, False)":[0.0,-1.0],"(13, 6, False)":[-0.2232094795,-0.1049929621],"(23, 6, False)":[0.0,-1.0],"(24, 5, False)":[0.0,-1.0],"(6, 10, False)":[-0.5789342673,-0.4879548466],"(17, 10, True)":[-0.5146855569,-0.4366929349],"(20, 9, False)":[0.7653376494,0.6967781053],"(18, 1, False)":[-0.3222465759,-0.3336484344],"(8, 5, False)":[-0.1929574274,-0.0602436076],"(14, 8, False)":[-0.6318310681,-0.4865441661],"(16, 2, False)":[-0.18742197,-0.3320245082],"(13, 1, False)":[-0.7770634243,-0.6178342623],"(21, 10, False)":[0.8856183662,0.874026249],"(14, 4, False)":[-0.2296200278,-0.1850583046],"(21, 4, False)":[0.873556167,0.8270040728],"(22, 6, False)":[0.0,-1.0],"(19, 10, True)":[-0.2235668961,-0.0643303551],"(16, 6, False)":[-0.0497910655,-0.1700103428],"(18, 6, False)":[0.0445981247,0.0402623887],"(31, 10, False)":[0.0,-0.9984428006],"(19, 7, False)":[0.5483430163,0.4068870564],"(8, 10, False)":[-0.5717199213,-0.4650263574],"(27, 4, False)":[0.0,-0.9999965814],"(11, 7, False)":[-0.4958959537,0.3001638813],"(10, 1, False)":[-0.8550710668,-0.1218927903],"(20, 9, True)":[0.747920229,0.699351944],"(19, 9, False)":[0.3766022907,0.3232906392],"(28, 9, False)":[0.0,-0.9999954639],"(12, 3, False)":[-0.4485040554,-0.2360238283],"(17, 2, False)":[-0.1602662958,-0.2624021546],"(4, 7, False)":[-0.2839070141,0.0],"(17, 7, False)":[-0.0612675263,-0.1823738187],"(29, 10, False)":[0.0,-1.0],"(22, 8, False)":[0.0,-1.0],"(19, 8, False)":[0.4365535838,0.4203081782],"(29, 8, False)":[0.0,-0.9973131701],"(25, 9, False)":[0.0,-1.0],"(13, 5, False)":[-0.245654066,-0.2154086042],"(17, 9, False)":[-0.5501591151,-0.5367114662],"(7, 2, False)":[-0.2254856131,-0.0636536984],"(27, 2, False)":[0.0,-0.9999992637],"(16, 7, True)":[-0.5073925945,-0.0531842003],"(8, 9, False)":[-0.522512897,-0.3679487211],"(20, 7, False)":[0.6911486521,0.6056473285],"(19, 4, False)":[0.4597000673,0.3594261189],"(7, 10, False)":[-0.5822194612,-0.3893285507],"(19, 3, False)":[0.4076176733,0.3462456267],"(26, 6, False)":[0.0,-0.9999999974],"(10, 7, False)":[-0.4770105777,0.0750412543],"(29, 2, False)":[0.0,-0.9975713185],"(12, 1, False)":[-0.716012854,-0.6443518507],"(29, 5, False)":[0.0,-0.9976198922],"(29, 6, False)":[0.0,-0.9931948031],"(20, 4, False)":[0.6310527671,0.5457337978],"(28, 7, False)":[0.0,-0.9998278185],"(21, 8, True)":[0.9519435864,0.9075998529],"(9, 9, False)":[-0.461740222,-0.0184343376],"(16, 5, False)":[-0.2247423013,-0.2214947374],"(14, 4, True)":[-0.1987288553,-0.1286578246],"(15, 4, True)":[-0.0810881693,0.0061351689],"(16, 4, True)":[-0.3327575118,-0.0547294828],"(18, 4, True)":[0.2433385381,0.1637478137],"(17, 8, False)":[-0.3402805094,-0.4404497117],"(11, 8, False)":[-0.473897714,0.1657249622],"(18, 1, True)":[-0.4587839101,-0.3769545942],"(15, 1, False)":[-0.7920793136,-0.7184410397],"(6, 4, False)":[-0.2370810978,-0.1734739101],"(17, 4, True)":[-0.1689572153,0.0025085608],"(19, 4, True)":[0.3378421834,0.4076768105],"(19, 9, True)":[0.2778285268,0.260164731],"(12, 10, True)":[-0.4842252098,0.0],"(27, 3, False)":[0.0,-0.9999976712],"(14, 6, False)":[-0.399624685,-0.2303495748],"(12, 2, False)":[-0.2408631522,-0.2365090232],"(11, 2, False)":[-0.3340669713,0.1586271928],"(21, 3, False)":[0.8509792973,0.7749834518],"(23, 2, False)":[0.0,-1.0],"(9, 2, False)":[-0.1128537456,0.051373759],"(6, 5, False)":[-0.3343002564,-0.127205943],"(17, 5, True)":[-0.1571720716,0.1517248687],"(16, 9, False)":[-0.7033807706,-0.7415040044],"(21, 1, True)":[0.6170492044,0.5541212073],"(18, 2, True)":[0.1322960035,0.1699840566],"(14, 2, False)":[-0.3651329338,-0.3769638183],"(16, 1, False)":[-0.8318384388,-0.6682979462],"(6, 7, False)":[-0.4318628789,-0.1285068455],"(17, 7, True)":[-0.1057708386,0.00148399],"(7, 1, False)":[-0.8253839901,-0.4832154995],"(10, 6, False)":[-0.2162279798,0.2714099441],"(19, 6, False)":[0.4511822734,0.3960645186],"(8, 3, False)":[-0.376963698,-0.1961075739],"(7, 8, False)":[-0.4628875395,-0.3685049503],"(5, 4, False)":[-0.0368516872,0.0],